,Unnamed: 0.1,Unnamed: 0,Player,Tm,Age,Pos,G,Tgt,Rec,Ctch%,Yds,Y/R,TD,Y/Tgt,R/G,Y/G,Player-additional
0,0,0,AntonioBrown,PIT,27,WR,16,193,136,70.5%,1834,13.5,10,9.5,8.5,114.6,BrowAn04
1,1,1,JulioJones,ATL,26,WR,16,203,136,67.0%,1871,13.8,8,9.2,8.5,116.9,JoneJu02
2,2,2,DeAndreHopkins,HOU,23,WR,16,192,111,57.8%,1521,13.7,11,7.9,6.9,95.1,HopkDe00
3,3,3,JarvisLandry,MIA,23,WR,16,166,110,66.3%,1157,10.5,4,7.0,6.9,72.3,LandJa00
4,4,4,LarryFitzgerald,ARI,32,WR,16,145,109,75.2%,1215,11.1,9,8.4,6.8,75.9,FitzLa00
5,5,5,BrandonMarshall,NYJ,31,WR,16,173,109,63.0%,1502,13.8,14,8.7,6.8,93.9,MarsBr00
6,6,6,DemaryiusThomas,DEN,28,WR,16,177,105,59.3%,1304,12.4,6,7.4,6.6,81.5,ThomDe03
7,7,7,OdellBeckhamJr,NYG,23,WR,15,158,96,60.8%,1450,15.1,13,9.2,6.4,96.7,BeckOd00
9,9,9,GoldenTate,DET,27,WR,16,128,90,70.3%,813,9.0,6,6.4,5.6,50.8,TateGo00
10,10,10,CalvinJohnson,DET,30,WR,16,149,88,59.1%,1214,13.8,9,8.1,5.5,75.9,JohnCa00
11,11,11,JeremyMaclin,KAN,27,WR,15,124,87,70.2%,1088,12.5,8,8.8,5.8,72.5,MaclJe00
13,13,13,AJGreen,CIN,27,WR,16,132,86,65.2%,1297,15.1,10,9.8,5.4,81.1,GreeA.00
14,14,14,MichaelCrabtree,LVR,28,WR,16,146,85,58.2%,922,10.8,9,6.3,5.3,57.6,CrabMi00
15,15,15,JordanMatthews,PHI,23,WR,16,126,85,67.5%,997,11.7,8,7.9,5.3,62.3,MattJo00
16,16,16,BrandinCooks,NOR,22,WR,16,129,84,65.1%,1138,13.5,9,8.8,5.3,71.1,CookBr00
17,17,17,EricDecker,NYJ,28,WR,15,132,80,60.6%,1027,12.8,12,7.8,5.3,68.5,DeckEr00
19,19,19,AllenRobinson,JAX,22,WR,16,151,80,53.0%,1400,17.5,14,9.3,5.0,87.5,RobiAl02
22,22,22,RandallCobb,GNB,25,WR,16,129,79,61.2%,829,10.5,6,6.4,4.9,51.8,CobbRa00
23,23,23,DougBaldwin,SEA,27,WR,16,103,78,75.7%,1069,13.7,14,10.4,4.9,66.8,BaldDo00
26,26,26,EmmanuelSanders,DEN,28,WR,15,136,76,55.9%,1135,14.9,6,8.3,5.1,75.7,SandEm00
27,27,27,KamarAiken,BAL,26,WR,16,127,75,59.1%,944,12.6,5,7.4,4.7,59.0,AikeKa00
29,29,29,MikeEvans,TAM,22,WR,15,148,74,50.0%,1206,16.3,3,8.1,4.9,80.4,EvanMi00
32,32,32,AmariCooper,LVR,21,WR,16,130,72,55.4%,1070,14.9,6,8.2,4.5,66.9,CoopAm00
33,33,33,PierreGarcon,WAS,29,WR,16,111,72,64.9%,777,10.8,6,7.0,4.5,48.6,GarcPi00
36,36,36,AnquanBoldin,SFO,35,WR,14,111,69,62.2%,789,11.4,4,7.1,4.9,56.4,BoldAn00
37,37,37,TYHilton,IND,26,WR,16,134,69,51.5%,1124,16.3,5,8.4,4.3,70.3,HiltT.00
38,38,38,WillieSnead,NOR,23,WR,15,101,69,68.3%,984,14.3,3,9.7,4.6,65.6,SneaWi00
39,39,39,TravisBenjamin,CLE,26,WR,16,125,68,54.4%,966,14.2,5,7.7,4.3,60.4,BenjTr00
40,40,40,KeenanAllen,LAC,23,WR,8,89,67,75.3%,725,10.8,4,8.1,8.4,90.6,AlleKe00
41,41,41,DannyAmendola,NWE,30,WR,14,87,65,74.7%,648,10.0,3,7.4,4.6,46.3,AmenDa00
42,42,42,JohnBrown,ARI,25,WR,15,101,65,64.4%,1003,15.4,7,9.9,4.3,66.9,BrowJo02
43,43,43,MarvinJones,CIN,25,WR,16,103,65,63.1%,816,12.6,4,7.9,4.1,51.0,JoneMa02
44,44,44,AllenHurns,JAX,24,WR,15,105,64,61.0%,1031,16.1,10,9.8,4.3,68.7,HurnAl01
45,45,45,DonteMoncrief,IND,22,WR,16,105,64,61.0%,733,11.5,6,7.0,4.0,45.8,MoncDo00
46,46,46,JulianEdelman,NWE,29,WR,9,88,61,69.3%,692,11.3,7,7.9,6.8,76.9,EdelJu00
49,49,49,SammyWatkins,BUF,22,WR,13,96,60,62.5%,1047,17.5,9,10.9,4.6,80.5,WatkSa00
50,50,50,JamisonCrowder,WAS,22,WR,16,78,59,75.6%,604,10.2,2,7.7,3.7,37.8,CrowJa00
54,54,54,RuebenRandle,NYG,24,WR,16,90,57,63.3%,797,14.0,8,8.9,3.6,49.8,RandRu00
58,58,58,AlshonJeffery,CHI,25,WR,9,94,54,57.4%,807,14.9,4,8.6,6.0,89.7,JeffAl00
60,60,60,TavonAustin,LAR,25,WR,16,87,52,59.8%,473,9.1,5,5.4,3.3,29.6,AustTa00
61,61,61,ColeBeasley,DAL,26,WR,16,75,52,69.3%,536,10.3,5,7.1,3.3,33.5,BeasCo00
62,62,62,StefonDiggs,MIN,22,WR,13,84,52,61.9%,720,13.8,4,8.6,4.0,55.4,DiggSt00
64,64,64,MichaelFloyd,ARI,26,WR,15,89,52,58.4%,849,16.3,6,9.5,3.5,56.6,FloyMi00
65,65,65,TerranceWilliams,DAL,26,WR,16,93,52,55.9%,840,16.2,3,9.0,3.3,52.5,WillTe01
67,67,67,TylerLockett,SEA,23,WR,16,69,51,73.9%,664,13.0,6,9.6,3.2,41.5,LockTy00
69,69,69,DavanteAdams,GNB,23,WR,13,94,50,53.2%,483,9.7,1,5.1,3.8,37.2,AdamDa01
70,70,70,MartavisBryant,PIT,24,WR,11,92,50,54.3%,765,15.3,6,8.3,4.5,69.5,BryaMa00
72,72,72,JamesJones,GNB,31,WR,16,99,50,50.5%,890,17.8,8,9.0,3.1,55.6,JoneJa04
74,74,74,JermaineKearse,SEA,25,WR,16,68,49,72.1%,685,14.0,5,10.1,3.1,42.8,KearJe01
80,80,80,NateWashington,HOU,32,WR,14,94,47,50.0%,658,14.0,4,7.0,3.4,47.0,WashNa00
81,81,81,RobertWoods,BUF,23,WR,14,80,47,58.8%,552,11.7,3,6.9,3.4,39.4,WoodRo02
83,83,83,BrianHartline,CLE,29,WR,12,77,46,59.7%,523,11.4,2,6.8,3.8,43.6,HartBr00
84,84,84,SteveSmithSr,BAL,36,WR,7,73,46,63.0%,670,14.6,3,9.2,6.6,95.7,SmitSt01
87,87,87,MarquesColston,NOR,32,WR,13,67,45,67.2%,520,11.6,4,7.8,3.5,40.0,ColsMa00
88,88,88,SteveJohnson,LAC,29,WR,10,65,45,69.2%,497,11.0,3,7.6,4.5,49.7,JohnSt00
90,90,90,TedGinnJr,CAR,30,WR,15,97,44,45.4%,739,16.8,10,7.6,2.9,49.3,GinnTe00
92,92,92,MarkusWheaton,PIT,24,WR,16,79,44,55.7%,749,17.0,5,9.5,2.8,46.8,WheaMa00
93,93,93,RishardMatthews,MIA,26,WR,11,61,43,70.5%,662,15.4,4,10.9,3.9,60.2,MattRi00
95,95,95,RoddyWhite,ATL,34,WR,16,70,43,61.4%,506,11.8,1,7.2,2.7,31.6,WhitRo00
96,96,96,CecilShorts,HOU,28,WR,11,75,42,56.0%,484,11.5,2,6.5,3.8,44.0,ShorCe00
98,98,98,AndreJohnson,IND,34,WR,16,77,41,53.2%,503,12.3,4,6.5,2.6,31.4,JohnAn02
105,105,105,JerrichoCotchery,CAR,33,WR,14,54,39,72.2%,485,12.4,3,9.0,2.8,34.6,CotcJe00
106,106,106,MikeWallace,MIN,29,WR,16,72,39,54.2%,473,12.1,2,6.6,2.4,29.6,WallMi00
109,109,109,BrandonLaFell,NWE,29,WR,11,74,37,50.0%,515,13.9,0,7.0,3.4,46.8,LaFeBr00
110,110,110,EddieRoyal,CHI,29,WR,9,50,37,74.0%,238,6.4,1,4.8,4.1,26.4,RoyaEd00
111,111,111,KennyBritt,LAR,27,WR,16,72,36,50.0%,681,18.9,3,9.5,2.3,42.6,BritKe00
112,112,112,HarryDouglas,TEN,31,WR,14,72,36,50.0%,411,11.4,2,5.7,2.6,29.4,DougHa00
113,113,113,DwayneHarris,NYG,28,WR,15,57,36,63.2%,396,11.0,4,6.9,2.4,26.4,HarrDw00
114,114,114,ChrisHogan,BUF,28,WR,16,59,36,61.0%,450,12.5,2,7.6,2.3,28.1,HogaCh00
117,117,117,KendallWright,TEN,26,WR,10,60,36,60.0%,408,11.3,3,6.8,3.6,40.8,WrigKe01
120,120,120,DontrelleInman,LAC,26,WR,14,63,35,55.6%,486,13.9,3,7.7,2.5,34.7,InmaDo00
122,122,122,AlbertWilson,KAN,23,WR,14,57,35,61.4%,451,12.9,2,7.9,2.5,32.2,WilsAl02
126,126,126,JariusWright,MIN,26,WR,16,50,34,68.0%,442,13.0,0,8.8,2.1,27.6,WrigJa02
129,129,129,VincentJackson,TAM,32,WR,10,62,33,53.2%,543,16.5,3,8.8,3.3,54.3,JackVi00
131,131,131,MohamedSanu,CIN,26,WR,16,49,33,67.3%,394,11.9,0,8.0,2.1,24.6,SanuMo00
132,132,132,TorreySmith,SFO,26,WR,16,62,33,53.2%,663,20.1,4,10.7,2.1,41.4,SmitTo02
133,133,133,DorialGreenBeckham,TEN,22,WR,16,67,32,47.8%,549,17.2,4,8.2,2.0,34.3,GreeDo00
137,137,137,SethRoberts,LVR,24,WR,16,55,32,58.2%,480,15.0,5,8.7,2.0,30.0,RobeSe00
138,138,138,BryanWalters,JAX,28,WR,11,45,32,71.1%,368,11.5,1,8.2,2.9,33.5,WaltBr00
140,140,140,CoreyBrown,CAR,24,WR,14,54,31,57.4%,447,14.4,4,8.3,2.2,31.9,BrowPh00
141,141,141,DezBryant,DAL,27,WR,9,72,31,43.1%,401,12.9,3,5.6,3.4,44.6,BryaDe01
142,142,142,JeremyButler,BAL,24,WR,8,44,31,70.5%,363,11.7,0,8.3,3.9,45.4,ButlJe01
144,144,144,DevinFunchess,CAR,21,WR,16,63,31,49.2%,473,15.3,5,7.5,1.9,29.6,FuncDe00
145,145,145,DexterMcCluster,TEN,26,WR,11,41,31,75.6%,260,8.4,1,6.3,2.8,23.6,McClDe00
146,146,146,BrandonColeman,NOR,23,WR,16,49,30,61.2%,454,15.1,2,9.3,1.9,28.4,ColeBr00
147,147,147,MalcomFloyd,LAC,34,WR,15,68,30,44.1%,561,18.7,3,8.3,2.0,37.4,FloyMa00
149,149,149,DeSeanJackson,WAS,29,WR,9,49,30,61.2%,528,17.6,4,10.8,3.3,58.7,JackDe00
151,151,151,QuintonPatton,SFO,25,WR,16,57,30,52.6%,394,13.1,1,6.9,1.9,24.6,PattQu00
156,156,156,LanceMoore,DET,32,WR,14,43,29,67.4%,337,11.6,4,7.8,2.1,24.1,MoorLa00
157,157,157,TaylorGabriel,CLE,24,WR,13,48,28,58.3%,241,8.6,0,5.0,2.2,18.5,GabrTa00
159,159,159,MarquessWilson,CHI,23,WR,11,51,28,54.9%,464,16.6,1,9.1,2.5,42.2,WilsMa02
162,162,162,AndrewHawkins,CLE,29,WR,8,43,27,62.8%,276,10.2,0,6.4,3.4,34.5,HawkAn00
163,163,163,JoshHuff,PHI,24,WR,15,42,27,64.3%,312,11.6,3,7.4,1.8,20.8,HuffJo00
164,164,164,AdamHumphries,TAM,22,WR,13,40,27,67.5%,260,9.6,1,6.5,2.1,20.0,HumpAd00
165,165,165,KennyStills,MIA,23,WR,16,63,27,42.9%,440,16.3,3,7.0,1.7,27.5,StilKe00
169,169,169,LeonardHankerson,3TM,26,WR,10,46,26,56.5%,327,12.6,3,7.1,2.6,32.7,HankLe00
170,170,170,DeVanteParker,MIA,22,WR,14,50,26,52.0%,494,19.0,3,9.9,1.9,35.3,ParkDe01
175,175,175,JavonteeHerndon,LAC,24,WR,8,33,24,72.7%,195,8.1,0,5.9,3.0,24.4,HernJa00
177,177,177,KeshawnMartin,NWE,25,WR,9,37,24,64.9%,269,11.2,2,7.3,2.7,29.9,MartKe01
178,178,178,NelsonAgholor,PHI,22,WR,13,44,23,52.3%,283,12.3,1,6.4,1.8,21.8,AghoNe00
181,181,181,RyanGrant,WAS,25,WR,16,42,23,54.8%,268,11.7,2,6.4,1.4,16.8,GranRy01
183,183,183,QuincyEnunwa,NYJ,23,WR,12,46,22,47.8%,315,14.3,0,6.8,1.8,26.3,EnunQu00
185,185,185,JustinHunter,TEN,24,WR,9,31,22,71.0%,264,12.0,1,8.5,2.4,29.3,HuntJu00
187,187,187,MarcMariani,CHI,28,WR,16,33,22,66.7%,300,13.6,0,9.1,1.4,18.8,MariMa00
188,188,188,JordanNorwood,DEN,29,WR,11,32,22,68.8%,207,9.4,0,6.5,2.0,18.8,NorwJo00
191,191,191,RileyCooper,PHI,28,WR,16,41,21,51.2%,327,15.6,2,8.0,1.3,20.4,CoopRi00
195,195,195,JustinHardy,ATL,24,WR,9,36,21,58.3%,194,9.2,0,5.4,2.3,21.6,HardJu00
196,196,196,DarriusHeywardBey,PIT,28,WR,16,39,21,53.8%,314,15.0,2,8.1,1.3,19.6,HeywDa00
198,198,198,DenardRobinson,JAX,25,WR,13,30,21,70.0%,164,7.8,0,5.5,1.6,12.6,RobiDe00
201,201,201,ChrisGivens,2TM,26,WR,15,54,20,37.0%,353,17.7,1,6.5,1.3,23.5,GiveCh00
207,207,207,JoshBellamy,CHI,26,WR,16,34,19,55.9%,224,11.8,2,6.6,1.2,14.0,BellJo02
211,211,211,RashadGreene,JAX,23,WR,9,35,19,54.3%,93,4.9,2,2.7,2.1,10.3,GreeRa00
212,212,212,PercyHarvin,BUF,27,WR,5,30,19,63.3%,218,11.5,1,7.3,3.8,43.6,HarvPe00
213,213,213,GregJennings,MIA,32,WR,16,36,19,52.8%,208,10.9,1,5.8,1.2,13.0,JennGr00
215,215,215,GriffWhalen,IND,25,WR,14,26,19,73.1%,205,10.8,1,7.9,1.4,14.6,WhalGr00
217,217,217,PhillipDorsett,IND,22,WR,11,39,18,46.2%,225,12.5,1,5.8,1.6,20.5,DorsPh00
224,224,224,ChrisConley,KAN,23,WR,16,31,17,54.8%,199,11.7,1,6.4,1.1,12.4,ConlCh00
229,229,229,KenbrellThompkins,NYJ,27,WR,7,33,17,51.5%,165,9.7,0,5.0,2.4,23.6,ThomKe02
230,230,230,NickWilliams,ATL,25,WR,14,25,17,68.0%,159,9.4,2,6.4,1.2,11.4,WillNi02
233,233,233,BennieFowler,DEN,24,WR,16,25,16,64.0%,203,12.7,0,8.1,1.0,12.7,FowlBe00
235,235,235,JeremyKerley,NYJ,27,WR,16,26,16,61.5%,152,9.5,2,5.8,1.0,9.5,KerlJe00
239,239,239,JasonAvant,KAN,32,WR,16,24,15,62.5%,119,7.9,0,5.0,0.9,7.4,AvanJa00
244,244,244,MarqiseLee,JAX,24,WR,10,32,15,46.9%,191,12.7,1,6.0,1.5,19.1,LeexMa00
245,245,245,TyMontgomery,GNB,22,WR,6,19,15,78.9%,136,9.1,2,7.2,2.5,22.7,MontTy01
246,246,246,MarlonBrown,BAL,24,WR,10,30,14,46.7%,112,8.0,0,3.7,1.4,11.2,BrowMa00
248,248,248,AndreHolmes,LVR,27,WR,16,33,14,42.4%,201,14.4,4,6.1,0.9,12.6,HolmAn00
249,249,249,DariusJennings,CLE,23,WR,4,21,14,66.7%,117,8.4,0,5.6,3.5,29.3,JennDa00
250,250,250,KeithMumphery,HOU,23,WR,16,32,14,43.8%,129,9.2,0,4.0,0.9,8.1,MumpKe00
252,252,252,JaelenStrong,HOU,21,WR,10,24,14,58.3%,161,11.5,3,6.7,1.4,16.1,StroJa01
253,253,253,MilesAustin,PHI,31,WR,11,31,13,41.9%,224,17.2,1,7.2,1.2,20.4,AustMi00
255,255,255,AaronDobson,NWE,24,WR,8,21,13,61.9%,141,10.8,0,6.7,1.6,17.6,DobsAa00
256,256,256,BruceEllington,SFO,24,WR,13,19,13,68.4%,153,11.8,0,8.1,1.0,11.8,ElliBr00
259,259,259,BradleyMarquez,LAR,23,WR,16,22,13,59.1%,88,6.8,0,4.0,0.8,5.5,MarqBr00
260,260,260,ChrisMatthews,2TM,26,WR,13,25,13,52.0%,151,11.6,1,6.0,1.0,11.6,MattCh00
262,262,262,WesWelker,LAR,34,WR,8,22,13,59.1%,102,7.8,0,4.6,1.6,12.8,WelkWe00
263,263,263,StedmanBailey,LAR,25,WR,8,25,12,48.0%,182,15.2,1,7.3,1.5,22.8,BailSt01
264,264,264,BriceButler,DAL,25,WR,7,26,12,46.2%,258,21.5,0,9.9,1.7,36.9,ButlBr00
272,272,272,AdamThielen,MIN,25,WR,16,18,12,66.7%,144,12.0,0,8.0,0.8,9.0,ThieAd00
274,274,274,JaronBrown,ARI,25,WR,16,23,11,47.8%,144,13.1,1,6.3,0.7,9.0,BrowJa03
275,275,275,DonteeaDye,TAM,22,WR,10,30,11,36.7%,132,12.0,1,4.4,1.1,13.2,DyexDo00
280,280,280,CameronMeredith,CHI,23,WR,11,16,11,68.8%,120,10.9,0,7.5,1.0,10.9,MereCa00
281,281,281,JJNelson,ARI,23,WR,11,27,11,40.7%,299,27.2,2,11.1,1.0,27.2,NelsJJ00
283,283,283,AndreRoberts,WAS,27,WR,9,21,11,52.4%,135,12.3,0,6.4,1.2,15.0,RobeAn00
287,287,287,AndreCaldwell,DEN,30,WR,14,22,10,45.5%,72,7.2,2,3.3,0.7,5.1,CaldAn00
288,288,288,TJJones,DET,23,WR,10,18,10,55.6%,132,13.2,1,7.3,1.0,13.2,JoneT.00
291,291,291,LouisMurphy,TAM,28,WR,6,18,10,55.6%,198,19.8,0,11.0,1.7,33.0,MurpLo00
294,294,294,BrianQuick,LAR,26,WR,13,32,10,31.3%,102,10.2,0,3.2,0.8,7.8,QuicBr00
296,296,296,JaredAbbrederis,GNB,25,WR,10,16,9,56.3%,111,12.3,0,6.9,0.9,11.1,AbbrJa00
298,298,298,BrentonBersin,CAR,25,WR,9,11,9,81.8%,119,13.2,0,10.8,1.0,13.2,BersBr00
303,303,303,CharlesJohnson,MIN,26,WR,11,13,9,69.2%,127,14.1,0,9.8,0.8,11.5,JohnCh08
306,306,306,JeremyRoss,2TM,27,WR,11,14,9,64.3%,88,9.8,0,6.3,0.8,8.0,RossJe01
307,307,307,DevinSmith,NYJ,23,WR,10,28,9,32.1%,115,12.8,1,4.1,0.9,11.5,SmitDe04
320,320,320,RashadRoss,WAS,25,WR,13,13,8,61.5%,184,23.0,1,14.2,0.6,14.2,RossRa00
322,322,322,MikeDavis,SFO,22,WR,6,13,7,53.8%,38,5.4,0,2.9,1.2,6.3,DaviMi01
326,326,326,MarlonMoore,CLE,28,WR,14,10,7,70.0%,81,11.6,1,8.1,0.5,5.8,MoorMa02
327,327,327,HakeemNicks,NYG,27,WR,6,14,7,50.0%,54,7.7,0,3.9,1.2,9.0,NickHa01
329,329,329,DevinStreet,DAL,24,WR,15,13,7,53.8%,114,16.3,1,8.8,0.5,7.6,StreDe00
332,332,332,MylesWhite,NYG,25,WR,12,20,7,35.0%,88,12.6,1,4.4,0.6,7.3,WhitMy00
334,334,334,DanielBrown,BAL,23,WR,6,11,6,54.5%,64,10.7,0,5.8,1.0,10.7,BrowDa04
344,344,344,CodyLatimer,DEN,23,WR,14,11,6,54.5%,59,9.8,1,5.4,0.4,4.2,LatiCo00
347,347,347,ChrisOwusu,NYJ,25,WR,3,13,6,46.2%,80,13.3,0,6.2,2.0,26.7,OwusCh00
351,351,351,LuckyWhitehead,DAL,23,WR,15,8,6,75.0%,16,2.7,0,2.0,0.4,1.1,WhitLu00
354,354,354,DwayneBowe,CLE,31,WR,7,13,5,38.5%,53,10.6,0,4.1,0.7,7.6,BoweDw00
355,355,355,MichaelCampanaro,BAL,24,WR,4,6,5,83.3%,35,7.0,0,5.8,1.3,8.8,CampMi02
360,360,360,PrestonParker,NYG,28,WR,2,12,5,41.7%,40,8.0,0,3.3,2.5,20.0,ParkPr00
361,361,361,JeromeSimpson,SFO,29,WR,6,19,5,26.3%,54,10.8,1,2.8,0.8,9.0,SimpJe00
367,367,367,CoreyFuller,DET,25,WR,12,9,4,44.4%,76,19.0,0,8.4,0.3,6.3,FullCo00
369,369,369,TJGraham,NOR,26,WR,4,4,4,100.0%,24,6.0,0,6.0,1.0,6.0,GrahT.00
372,372,372,RicardoLockette,SEA,29,WR,8,7,4,57.1%,69,17.3,1,9.9,0.5,8.6,LockRi00
388,388,388,GregSalas,BUF,27,WR,2,5,3,60.0%,41,13.7,0,8.2,1.5,20.5,SalaGr00
389,389,389,RussellShepard,TAM,25,WR,13,9,3,33.3%,28,9.3,1,3.1,0.2,2.2,ShepRu00
390,390,390,KevinSmith,SEA,24,WR,7,5,3,60.0%,43,14.3,0,8.6,0.4,6.1,SmitKe04
393,393,393,ChandlerWorthy,HOU,22,WR,3,4,3,75.0%,14,4.7,0,3.5,1.0,4.7,WortCh00
397,397,397,GeremyDavis,NYG,23,WR,10,3,2,66.7%,21,10.5,0,7.0,0.2,2.1,DaviGe00
399,399,399,MarquiseGoodwin,BUF,25,WR,2,2,2,100.0%,24,12.0,0,12.0,1.0,12.0,GoodMa00
401,401,401,JeffJanis,GNB,24,WR,16,12,2,16.7%,79,39.5,0,6.6,0.1,4.9,JaniJe00
403,403,403,JonathanKrause,PHI,23,WR,2,4,2,50.0%,11,5.5,0,2.8,1.0,5.5,KrauJo00
405,405,405,TreMcBride,TEN,23,WR,7,4,2,50.0%,8,4.0,1,2.0,0.3,1.1,McBrTr00
407,407,407,CordarrellePatterson,MIN,24,WR,16,2,2,100.0%,10,5.0,0,5.0,0.1,0.6,PattCo00
409,409,409,BrandonTate,CIN,28,WR,16,3,2,66.7%,59,29.5,1,19.7,0.1,3.7,TateBr00
410,410,410,DeonteThompson,CHI,26,WR,7,3,2,66.7%,81,40.5,0,27.0,0.3,11.6,ThomDe04
411,411,411,AndrewTurzilli,TEN,24,WR,3,2,2,100.0%,25,12.5,0,12.5,0.7,8.3,TurzAn00
412,412,412,DarrenWaller,BAL,23,WR,6,6,2,33.3%,18,9.0,0,3.0,0.3,3.0,WallDa01
413,413,413,DeAndrewWhite,SFO,24,WR,4,2,2,100.0%,18,9.0,0,9.0,0.5,4.5,WhitDe01
415,415,415,TyrellWilliams,LAC,23,WR,7,6,2,33.3%,90,45.0,1,15.0,0.3,12.9,WillTy00
417,417,417,SeyiAjirotutu,PHI,28,WR,13,3,1,33.3%,4,4.0,0,1.3,0.1,0.3,AjirSe00
418,418,418,MarioAlford,CIN,23,WR,1,1,1,100.0%,15,15.0,0,15.0,1.0,15.0,AlfoMa00
422,422,422,VincentBrown,LAC,26,WR,1,2,1,50.0%,22,22.0,0,11.0,1.0,22.0,BrowVi00
425,425,425,SammieCoates,PIT,22,WR,6,2,1,50.0%,11,11.0,0,5.5,0.2,1.8,CoatSa00
429,429,429,MarcusEasley,BUF,28,WR,13,3,1,33.3%,58,58.0,1,19.3,0.1,4.5,EaslMa00
430,430,430,BenEdwards,NYG,23,WR,2,2,1,50.0%,9,9.0,0,4.5,0.5,4.5,EdwaBe00
434,434,434,BrittanGolden,ARI,27,WR,14,1,1,100.0%,5,5.0,0,5.0,0.1,0.4,GoldBr00
436,436,436,ChrisHarper,NWE,22,WR,5,3,1,33.3%,6,6.0,0,2.0,0.2,1.2,HarpCh01
452,452,452,TerrellePryor,CLE,26,WR,3,8,1,12.5%,42,42.0,0,5.3,0.3,14.0,PryoTe00
453,453,453,PaulRichardson,SEA,23,WR,1,1,1,100.0%,40,40.0,0,40.0,1.0,40.0,RichPa01
459,459,459,RodStreater,LVR,27,WR,1,1,1,100.0%,8,8.0,0,8.0,1.0,8.0,StreRo00
467,467,467,EricWeems,ATL,30,WR,16,1,1,100.0%,11,11.0,0,11.0,0.1,0.7,WeemEr00
469,469,469,KasenWilliams,SEA,23,WR,2,1,1,100.0%,8,8.0,0,8.0,0.5,4.0,WillKa02
474,474,474,MattHazel,MIA,23,WR,5,1,0,0.0%,0,,0,0.0,0.0,0.0,HazeMa01
475,475,475,SeantaviusJones,NOR,23,WR,3,1,0,0.0%,0,,0,0.0,0.0,0.0,JoneSe01
476,476,476,VinceMayle,DAL,24,WR,1,1,0,0.0%,0,,0,0.0,0.0,0.0,MaylVi00
477,477,477,KevinNorwood,CAR,26,WR,1,1,0,0.0%,0,,0,0.0,0.0,0.0,NorwKe00
480,480,480,RicoRichardson,TEN,24,WR,5,5,0,0.0%,0,,0,0.0,0.0,0.0,RichRi00
482,482,482,MatthewSlater,NWE,30,WR,16,1,0,0.0%,0,,0,0.0,0.0,0.0,SlatMa00
